﻿<?xml version="1.0" encoding="utf-8" ?>
<Defs>

  <ThingDef ParentName="ApparelMakeableBase">
    <defName>KimonoA</defName>
    <label>Kimono_Standard</label>
    <description>A standard Kimono, which makes it somewhat not easy to move around when worn but looks very graceful.</description>
    <recipeMaker>
      <researchPrerequisite>ComplexClothing</researchPrerequisite>
    </recipeMaker>
    <graphicData>
      <texPath>Things/Pawn/Humanlike/Apparel/Kimono/Kimono</texPath>
      <graphicClass>Graphic_Single</graphicClass>
    </graphicData>
    <costStuffCount>250</costStuffCount>
    <stuffCategories>
      <li>Fabric</li>
      <li>Leathery</li>
    </stuffCategories>
    <thingCategories>
      <li>Apparel</li>
    </thingCategories>
    <statBases>
      <MaxHitPoints>150</MaxHitPoints>
      <WorkToMake>60000</WorkToMake>
      <Mass>2.5</Mass>
      <ArmorRating_Blunt>0.03</ArmorRating_Blunt>
      <ArmorRating_Sharp>0.03</ArmorRating_Sharp>
      <Insulation_Cold>-15</Insulation_Cold>
      <Insulation_Heat>-10</Insulation_Heat>
    </statBases>
    <equippedStatOffsets>
      <MoveSpeed>-0.70</MoveSpeed>
      <WorkSpeedGlobal>-1.0</WorkSpeedGlobal>
      <SocialImpact>+1.0</SocialImpact>
    </equippedStatOffsets>
    <apparel>
      <bodyPartGroups>
        <li>Torso</li>
        <li>Neck</li>
        <li>Shoulders</li>
        <li>Arms</li>
        <li>Legs</li>
      </bodyPartGroups>
      <wornGraphicPath>Things/Pawn/Humanlike/Apparel/Kimono/Kimono</wornGraphicPath>
      <layers>
        <li>Middle</li>
        <li>Shell</li>
      </layers>
      <defaultOutfitTags>
      </defaultOutfitTags>
    </apparel>
    <colorGenerator Class="ColorGenerator_StandardApparel" />
    <comps>
      <li>
        <compClass>CompColorable</compClass>
      </li>
    </comps>
  </ThingDef>

</Defs>
