﻿<?xml version="1.0" encoding="utf-8" ?>
<Defs>

  <ThingDef ParentName="ApparelMakeableBase">
    <defName>Apparel_Pants</defName>
    <label>pants</label>
    <description>A simple set of pants.</description>
    <recipeMaker>
      <researchPrerequisite>ComplexClothing</researchPrerequisite>
    </recipeMaker>
    <graphicData>
      <texPath>Things/Pawn/Humanlike/Apparel/Various/Pants_OnMap</texPath>
      <graphicClass>Graphic_Single</graphicClass>
    </graphicData>
    <costStuffCount>50</costStuffCount>
    <stuffCategories>
      <li>Fabric</li>
      <li>Leathery</li>
    </stuffCategories>
    <thingCategories>
      <li>Apparel</li>
    </thingCategories>
    <statBases>
      <MaxHitPoints>100</MaxHitPoints>
      <WorkToMake>8500</WorkToMake>
      <Mass>0.5</Mass>
      <ArmorRating_Blunt>0.03</ArmorRating_Blunt>
      <ArmorRating_Sharp>0.03</ArmorRating_Sharp>
      <Insulation_Cold>-3</Insulation_Cold>
    </statBases>
    <apparel>
      <bodyPartGroups>
        <li>Legs</li>
      </bodyPartGroups>
      <wornGraphicPath>Things/Pawn/Humanlike/Apparel/Pants/Pants</wornGraphicPath>
      <layers>
        <li>OnSkin</li>
      </layers>
      <tags>
        <li>Outlander</li>
        <li>Spacer</li>
      </tags>
      <defaultOutfitTags>
        <li>Worker</li>
        <li>Soldier</li>
      </defaultOutfitTags>
    </apparel>
    <colorGenerator Class="ColorGenerator_StandardApparel" />
  </ThingDef>
  
  <ThingDef ParentName="ApparelMakeableBase">
    <defName>Skirt</defName>
    <label>skirt</label>
    <description>A simple skirt.</description>
    <recipeMaker>
      <researchPrerequisite>ComplexClothing</researchPrerequisite>
    </recipeMaker>
    <graphicData>
      <texPath>Things/Pawn/Humanlike/Apparel/Skirt/Skirt</texPath>
      <graphicClass>Graphic_Single</graphicClass>
    </graphicData>
    <costStuffCount>50</costStuffCount>
    <stuffCategories>
      <li>Fabric</li>
      <li>Leathery</li>
    </stuffCategories>
    <thingCategories>
      <li>Apparel</li>
    </thingCategories>
    <statBases>
      <MaxHitPoints>100</MaxHitPoints>
      <WorkToMake>9500</WorkToMake>
      <Mass>0.5</Mass>
      <ArmorRating_Blunt>0.03</ArmorRating_Blunt>
      <ArmorRating_Sharp>0.03</ArmorRating_Sharp>
      <Insulation_Heat>3</Insulation_Heat>
    </statBases>
    <apparel>
      <bodyPartGroups>
        <li>Legs</li>
      </bodyPartGroups>
      <wornGraphicPath>Things/Pawn/Humanlike/Apparel/Skirt/Skirt</wornGraphicPath>
      <layers>
        <li>OnSkin</li>
      </layers>
      <defaultOutfitTags>
        <li>Worker</li>
      </defaultOutfitTags>
    </apparel>
    <colorGenerator Class="ColorGenerator_StandardApparel" />
  </ThingDef>

</Defs>
