﻿<?xml version="1.0" encoding="utf-8" ?>
<Defs>

  <ThingDef ParentName="ApparelMakeableBase">
    <defName>TY_BeachWearA</defName>
    <label>TY BeachWear A</label>
    <description>A simple BeachWear.</description>
    <recipeMaker>
      <researchPrerequisite>ComplexClothing</researchPrerequisite>
    </recipeMaker>
    <graphicData>
      <texPath>Things/Pawn/Humanlike/Apparel/TY_BeachWearA/TY_BeachWearA</texPath>
      <graphicClass>Graphic_Single</graphicClass>
    </graphicData>
    <costStuffCount>120</costStuffCount>
    <stuffCategories>
      <li>Fabric</li>
      <li>Leathery</li>
    </stuffCategories>
    <thingCategories>
      <li>Apparel</li>
    </thingCategories>
    <statBases>
      <MaxHitPoints>80</MaxHitPoints>
      <WorkToMake>5000</WorkToMake>
      <Mass>0.7</Mass>
      <Insulation_Heat>15</Insulation_Cold>
    </statBases>
    <equippedStatOffsets>
      <MoveSpeed>+0.2</MoveSpeed>
      <WorkSpeedGlobal>-0.1</WorkSpeedGlobal>
      <SocialImpact>+0.2</SocialImpact>
    </equippedStatOffsets>
    <apparel>
      <bodyPartGroups>
        <li>Torso</li>
      </bodyPartGroups>
      <wornGraphicPath>Things/Pawn/Humanlike/Apparel/TY_BeachWearA/TY_BeachWearA</wornGraphicPath>
      <layers>
        <li>OnSkin</li>
      </layers>
      <defaultOutfitTags>
      </defaultOutfitTags>
    </apparel>
    <colorGenerator Class="ColorGenerator_StandardApparel" />
    <comps>
      <li>
        <compClass>CompColorable</compClass>
      </li>
    </comps>
  </ThingDef>

</Defs>
