﻿<?xml version="1.0" encoding="utf-8"?>
	<ModMetaData>
		<name>TY Female Faces and Hairs</name>
		<author>T.Y.</author>
		<url>http://steamcommunity.com/sharedfiles/filedetails/?id=1350568027</url>
		<targetVersion>0.18.1722</targetVersion>
		<description>

- Replaces Female Face textures.
- Save compatible.

Note
 Like other face mods, this is NOT COMPATIBLE with "Facial Stuff" as described in its page. Probably the faces of this Mod will not be shown when using it.

Tips
 Do you want to see larger figures? I recommend to use these.
   "Camera+" http://steamcommunity.com/sharedfiles/filedetails/?id=867467808
   "Colonist Bar KF 0.18.0" http://steamcommunity.com/sharedfiles/filedetails/?id=729908976

Redistribution of this Mod data is prohibited.


- 女性の顔パーツを差し替えます。
- セーブ互換性あり 

注意
　ほかのフェイス交換Modと同様、 "Facial Stuff" と干渉します。"Facial Stuff" の説明にあるように、新たに追加される顔パーツ画像は無視されてしまいます。

画像を拡大して見たいという方には
   Camera+   http://steamcommunity.com/sharedfiles/filedetails/?id=867467808
   Colonist Bar KF 0.18.0   http://steamcommunity.com/sharedfiles/filedetails/?id=729908976
をおススメします。

 当MODおよびデータの再配布を禁じます。
 		</description>
	</ModMetaData>