﻿<?xml version="1.0" encoding="utf-8"?>
<Defs>

<HairDef>
    <label>semilong</label>
    <hairGender>Female</hairGender>
    <texPath>Hair/semilong</texPath>
    <defName>semilong</defName>
		<hairTags>
			<li>Urban</li>
			<li>Rural</li>
		</hairTags>
  </HairDef>

<HairDef>
    <label>veryshort</label>
    <hairGender>Female</hairGender>
    <texPath>Hair/veryshort</texPath>
    <defName>veryshort</defName>
		<hairTags>
			<li>Urban</li>
			<li>Rural</li>
		</hairTags>
  </HairDef>
  

</Defs>