﻿<?xml version="1.0" encoding="utf-8"?>
	<ModMetaData>
		<name>TY Slender Female Body and BasicApparel</name>
		<author>T.Y.</author>
		<url>https://github.com/oramu7524/Mods-for-RIMWORLD/blob/Mods/TY_SlenderFemaleBodyAndApparel_original.zip</url>
		<targetVersion>0.18.1722</targetVersion>
		<description>

- Replaces Vanilla's thin body texture with a Slender Female Body texture which has breasts and nipples, so it may spoil RimWorld's worldview.
- Replaces Vanilla's basic apparel to fit the Body texture.
- Makes Pants visible when worn.
- Adds Skirt.
- Save game compatible.
- Since the program uses thin body texture as unisex, it follows that enemy males may sometimes have this body figure. It can't be helpd at this point.


Redistribution of this Mod data is prohibited.


- Thin体型をほっそり女性体型に変更
- バニラの基本衣類を体型にあわせて変更しています。
- 着用時のズボンを表示。
- スカートを追加 
- セーブ互換性あり 
- Thin体型は男女共用で使用されているため、宙族や蛮族のおっさんも女体化することがあります。仕様ですので現状どうしようもありません。

画像を拡大して見たいという方には
Camera+ http://steamcommunity.com/sharedfiles/filedetails/?id=867467808
Colonist Bar KF 0.18.0 http://steamcommunity.com/sharedfiles/filedetails/?id=729908976
をおススメします。

当MODおよびデータの再配布を禁じます。
		</description>
	</ModMetaData>