﻿<?xml version="1.0" encoding="utf-8"?>
<Defs>

<HairDef>
  <label>TY_semilong</label>
  <hairGender>Female</hairGender>
  <texPath>Hairs/TY_semilong</texPath>
  <defName>TY_semilong</defName>
  <hairTags>
    <li>Urban</li>
    <li>Rural</li>
  </hairTags>
</HairDef>

<HairDef>
  <label>TY_veryshort</label>
  <hairGender>Female</hairGender>
  <texPath>Hairs/TY_veryshort</texPath>
  <defName>TY_veryshort</defName>
  <hairTags>
    <li>Urban</li>
    <li>Rural</li>
  </hairTags>
</HairDef>
  
<HairDef>
  <label>TY_yuigamiA</label>
  <hairGender>Female</hairGender>
  <texPath>Hairs/TY_yuigamiA</texPath>
  <defName>TY_yuigamiA</defName>
  <hairTags>
    <li>Urban</li>
    <li>Rural</li>
  </hairTags>
</HairDef>
  

</Defs>