﻿<?xml version="1.0" encoding="utf-8"?>
	<ModMetaData>
		<name>TY Female Body and Apparel original</name>
		<author>T.Y.</author>
		<url>https://github.com/oramu7524/Mods-for-RIMWORLD/blob/Mods/TY_FemaleBodyAndApparel_original.zip</url>
		<targetVersion>0.18.1722</targetVersion>
		<description>

- Replace Female body texture.
- Replace Vanilla's basic apparel to fit the Body texture.
- Save compatible.

Redistribution of this Mod data is prohibited.


- 女性用の体型を変更
- バニラの基本衣類を体型にあわせて変更しています。
- セーブ互換性あり 

 当MODおよびデータの再配布を禁じます。
 		</description>
	</ModMetaData>