﻿<?xml version="1.0" encoding="utf-8"?>
	<ModMetaData>
		<name>TY Female Body and Apparel</name>
		<author>T.Y.</author>
		<url>https://github.com/oramu7524/Mods-for-RIMWORLD/blob/Mods/TY_FemaleBodyAndApparel_original.zip</url>
		<targetVersion>0.18.1722</targetVersion>
		<description>

- Replace Female body texture with a new one which has breasts and nipples, so it may spoil RimWorld's worldview.
- Replace Vanilla's basic apparel to fit the Body texture.
- Make Pants visible when worn.
- Add Skirt.
- Save compatible.

Tips
 Do you want to see larger figures? I recommend to use these.
   "Camera+" http://steamcommunity.com/sharedfiles/filedetails/?id=867467808
   "Colonist Bar KF 0.18.0" http://steamcommunity.com/sharedfiles/filedetails/?id=729908976


Now I've done a minimum work, I made this Mod public to start with. Planning to add textures and fix them step by step.

Redistribution of this Mod data is prohibited.


- 女性用の体型を変更
- バニラの基本衣類を体型にあわせて変更しています。
- 着用時のズボンを表示。
- スカートを追加。
- セーブ互換性あり 

画像を拡大して見たいという方には
   Camera+   http://steamcommunity.com/sharedfiles/filedetails/?id=867467808
   Colonist Bar KF 0.18.0   http://steamcommunity.com/sharedfiles/filedetails/?id=729908976
をおススメします。

目指していたものの最小限はできたので、とりあえずの公開です。少しずつ追加・修正していきます。髪描くの超めんどい・・・

 当MODおよびデータの再配布を禁じます。
 		</description>
	</ModMetaData>