﻿<?xml version="1.0" encoding="utf-8"?>
	<ModMetaData>
		<name>TY Female Body and Apparel</name>
		<author>T.Y.</author>
		<url></url>
		<targetVersion>0.18.1722</targetVersion>
		<description>

- 女性用の体型を変更    Replace Female body texture.
- バニラの基本衣類を体型にあわせて変更しています。    Replace Vanilla's basic apparel for female to fit the Body texture.
- 着用時のズボンを表示。   Make Pants visible when worn.
- スカートを追加。男性も着用できます。   Add Skirt and men can wear it.
- 表示テスト用の顔パーツと髪型(セミロングとベリーショート)を付属。   One head texture and two hair textures come with this mod.
- セーブ互換性あり   Save compatible.


　目指していたものの最小限はできたので、とりあえずの公開です。少しずつ追加・修正していきます。髪描くの超めんどい・・・
 Now I've done a minimum work, I made this Mod public to start with. Planning to add and fix it step by step, but drawing hair requires pretty much time and labor for me...

当MODの再配布を禁じます。   Redistribution of this MOD data is prohibited.

		</description>
	</ModMetaData>